parameter,value,is_current,precision,recall,f1,boundary_fit,reported,found_0pct_edits,found_10pct_edits,found_20pct_edits,found_30pct_edits,found_40pct_edits,known_found,real_reported,real_inside_known,seconds
SEED_SIZE,2,False,0.19880418535127056,0.99,0.33111616853805437,0.9072163693091693,2007,1.0,0.9875,1.0,0.9625,1.0,0.8197802197802198,2304,0.22569444444444445,5.707768699998269
SEED_SIZE,3,False,0.5745937961595273,0.9725,0.7223769730733519,0.8933174236095237,677,1.0,1.0,0.9875,0.9625,0.9125,0.7648351648351648,1054,0.4829222011385199,1.0550713999837171
SEED_SIZE,4,True,0.8631090487238979,0.9175,0.8894738042263753,0.833836826147441,431,1.0,1.0,0.95,0.925,0.7125,0.676923076923077,618,0.7556634304207119,0.41683610001928173
SEED_SIZE,5,False,0.9217877094972067,0.8025,0.8580176414842173,0.7758870625237513,358,1.0,0.975,0.8375,0.8,0.4,0.5956043956043956,493,0.8296146044624746,0.3029151999799069
SEED_SIZE,6,False,0.927710843373494,0.7475,0.8279123289641657,0.7340594568427337,332,1.0,0.975,0.8125,0.65,0.3,0.5560439560439561,461,0.8286334056399133,0.2710767000098713
SEED_SIZE,7,False,0.9292307692307692,0.7275,0.8160835751596053,0.688977674133192,325,1.0,0.975,0.775,0.6125,0.275,0.5340659340659341,456,0.831140350877193,0.2578835999884177
SEED_SIZE,8,False,0.9290123456790124,0.7175,0.8096706468967327,0.651981062650208,324,1.0,0.975,0.75,0.6125,0.25,0.5318681318681319,454,0.8281938325991189,0.2558891999942716
MAX_GAP,1,False,0.9423076923076923,0.7175,0.8146796431467964,0.5558096456155597,416,1.0,0.975,0.75,0.6125,0.25,0.5296703296703297,541,0.8817005545286506,0.38587500000721775
MAX_GAP,3,False,0.9423076923076923,0.7175,0.8146796431467964,0.5558096456155597,416,1.0,0.975,0.75,0.6125,0.25,0.5318681318681319,547,0.8756855575868373,0.3868151999777183
MAX_GAP,5,False,0.9241071428571429,0.825,0.8717457886676876,0.6433320455889677,448,1.0,0.9875,0.875,0.7875,0.475,0.5648351648351648,587,0.8534923339011925,0.40235230000689626
MAX_GAP,10,False,0.8988505747126436,0.885,0.891871516479268,0.74558675106378,435,1.0,1.0,0.925,0.8875,0.6125,0.6307692307692307,635,0.8283464566929134,0.4159253000107128
MAX_GAP,15,False,0.8793503480278422,0.9125,0.895618535843193,0.8085822464147274,431,1.0,1.0,0.9375,0.925,0.7,0.6593406593406593,641,0.7862714508580343,0.42047090001869947
MAX_GAP,20,True,0.8631090487238979,0.9175,0.8894738042263753,0.833836826147441,431,1.0,1.0,0.95,0.925,0.7125,0.676923076923077,618,0.7556634304207119,0.4234700000088196
MAX_GAP,30,False,0.8618266978922716,0.9175,0.8887923687682825,0.8482310304027291,427,1.0,1.0,0.95,0.925,0.7125,0.6835164835164835,533,0.7148217636022514,0.4331684999924619
MAX_GAP,40,False,0.8682352941176471,0.9225,0.8945454545454545,0.8465074584368569,425,1.0,1.0,0.95,0.925,0.7375,0.6791208791208792,474,0.6919831223628692,0.4457618999877013
MAX_GAP,60,False,0.8822115384615384,0.9175,0.8995098039215687,0.8300676931087592,416,1.0,1.0,0.95,0.9125,0.725,0.6263736263736264,350,0.6428571428571429,0.48492580000311136
MIN_WORDS,4,False,0.05993324626324191,0.9825,0.11297493564161577,0.7928922214348141,6891,1.0,1.0,1.0,0.975,0.9375,0.8527472527472527,9625,0.0988051948051948,3.0563136999844573
MIN_WORDS,6,False,0.6695957820738138,0.93,0.7786017996637992,0.8268057326255457,569,1.0,1.0,0.9625,0.95,0.7375,0.7538461538461538,1183,0.4750633981403212,0.5171517999842763
MIN_WORDS,8,True,0.8631090487238979,0.9175,0.8894738042263753,0.833836826147441,431,1.0,1.0,0.95,0.925,0.7125,0.676923076923077,618,0.7556634304207119,0.43011159999878146
MIN_WORDS,10,False,0.8985148514851485,0.8975,0.8980071390179026,0.8416011062232324,404,1.0,0.9875,0.9375,0.9125,0.65,0.6527472527472528,511,0.8140900195694716,0.41794700000900775
MIN_WORDS,12,False,0.917989417989418,0.865,0.8907073015119369,0.8540494927286263,378,1.0,0.95,0.9,0.875,0.6,0.621978021978022,452,0.8451327433628318,0.4143264000013005
MIN_WORDS,15,False,0.9258160237388724,0.78,0.8466757123473541,0.869502776890157,337,0.9375,0.8875,0.75,0.8,0.525,0.5868131868131868,399,0.8646616541353384,0.3967959000146948
MIN_WORDS,20,False,0.9655172413793104,0.7,0.8115942028985508,0.885662205294659,290,0.8625,0.8625,0.65,0.7,0.425,0.5098901098901099,292,0.9041095890410958,0.39641289997962303
MIN_WORDS,30,False,0.9949494949494949,0.4925,0.6588628762541806,0.9212670195171361,198,0.6625,0.7125,0.425,0.45,0.2125,0.3516483516483517,155,1.0,0.3686493999848608
MIN_SCORE,0.0,False,0.8359550561797753,0.9175,0.8748313922752831,0.833836826147441,445,1.0,1.0,0.95,0.925,0.7125,0.676923076923077,658,0.7127659574468085,0.4333609000022989
MIN_SCORE,0.2,False,0.8359550561797753,0.9175,0.8748313922752831,0.833836826147441,445,1.0,1.0,0.95,0.925,0.7125,0.676923076923077,658,0.7127659574468085,0.43291770000359975
MIN_SCORE,0.3,False,0.8359550561797753,0.9175,0.8748313922752831,0.833836826147441,445,1.0,1.0,0.95,0.925,0.7125,0.676923076923077,658,0.7127659574468085,0.4290960000071209
MIN_SCORE,0.4,False,0.851258581235698,0.9175,0.8831388936506037,0.833836826147441,437,1.0,1.0,0.95,0.925,0.7125,0.676923076923077,645,0.7255813953488373,0.4253638999944087
MIN_SCORE,0.5,True,0.8631090487238979,0.9175,0.8894738042263753,0.833836826147441,431,1.0,1.0,0.95,0.925,0.7125,0.676923076923077,618,0.7556634304207119,0.42652549999183975
MIN_SCORE,0.6,False,0.8815165876777251,0.9175,0.8991484289073151,0.833836826147441,422,1.0,1.0,0.95,0.925,0.7125,0.6593406593406593,580,0.7758620689655172,0.4190707999805454
MIN_SCORE,0.7,False,0.8983050847457628,0.915,0.9065756881805861,0.8332294795311984,413,1.0,1.0,0.95,0.925,0.7,0.6131868131868132,496,0.7862903225806451,0.41294869998819195
MIN_SCORE,0.8,False,0.9015151515151515,0.88,0.890627657764926,0.8308115267776045,396,1.0,0.9875,0.95,0.85,0.6125,0.5010989010989011,382,0.7617801047120419,0.4025090000068303
MIN_SCORE,0.9,False,0.8860294117647058,0.5925,0.7101278098269346,0.8507407491630528,272,1.0,0.8875,0.575,0.3,0.2,0.367032967032967,244,0.7008196721311475,0.38159600002109073
MIN_SCORE,1.0,False,0.8507462686567164,0.285,0.42696629213483145,0.8784538751413992,134,1.0,0.15,0.1125,0.0875,0.075,0.2549450549450549,171,0.6374269005847953,0.36627849997603334
MAX_COMMON,1,False,0.9160493827160494,0.915,0.9155243906550248,0.8265765963463606,405,1.0,0.9875,0.95,0.925,0.7125,0.6395604395604395,465,0.8838709677419355,0.32112969999434426
MAX_COMMON,2,False,0.8961352657004831,0.915,0.9054693855776798,0.8322262874499177,414,1.0,0.9875,0.95,0.925,0.7125,0.654945054945055,524,0.8320610687022901,0.3372314000152983
MAX_COMMON,5,False,0.8770685579196218,0.915,0.8956328450157972,0.8333922607137855,423,1.0,0.9875,0.95,0.925,0.7125,0.6681318681318681,575,0.8052173913043478,0.3686767999897711
MAX_COMMON,10,False,0.8631090487238979,0.9175,0.8894738042263753,0.833836826147441,431,1.0,1.0,0.95,0.925,0.7125,0.6681318681318681,594,0.7811447811447811,0.40685470000607893
MAX_COMMON,25,True,0.8631090487238979,0.9175,0.8894738042263753,0.833836826147441,431,1.0,1.0,0.95,0.925,0.7125,0.676923076923077,618,0.7556634304207119,0.4287535999901593
MAX_COMMON,50,False,0.8631090487238979,0.9175,0.8894738042263753,0.833836826147441,431,1.0,1.0,0.95,0.925,0.7125,0.6857142857142857,670,0.7044776119402985,0.4834965000045486
MAX_COMMON,100,False,0.8631090487238979,0.9175,0.8894738042263753,0.833836826147441,431,1.0,1.0,0.95,0.925,0.7125,0.6857142857142857,681,0.6945668135095447,0.4984610000101384
MAX_COMMON,1000,False,0.8631090487238979,0.9175,0.8894738042263753,0.833836826147441,431,1.0,1.0,0.95,0.925,0.7125,0.6857142857142857,681,0.6945668135095447,0.49791259999619797
